ENST00000303728	22501565
ENST00000477123	22501565
ENST00000651177	12709448
ENST00000338981	12709448
ENST00000453031	12847045
ENST00000303804	22084839
ENST00000472391	22084839
ENST00000361365	20575872
ENST00000382772	20575872
ENST00000602732	22992344
ENST00000331070	22992344
ENST00000382585	22992344
ENST00000428845	9527926
ENST00000444056	9527926
ENST00000451548	9467001
ENST00000423647	9467001
ENST00000382653	21892513
ENST00000382680	21892513
ENST00000418956	21892513
ENST00000344884	18773618
ENST00000382852	18773618
ENST00000304790	18773618
ENST00000317961	19744534
ENST00000541639	19744534
ENST00000382806	19744534
ENST00000440077	19744534
ENST00000415360	19708949
ENST00000447300	19744534
ENST00000307393	18546788
ENST00000309834	18546788
ENST00000338876	18546788
ENST00000382856	18546788
ENST00000321217	3579245
ENST00000559055	3579245
ENST00000303766	22180969
ENST00000454978	22180969
ENST00000250838	18026115
ENST00000382287	25044023
ENST00000618574	25044023
ENST00000602680	25044023
ENST00000415508	24834127
ENST00000382314	24834127
ENST00000449750	24834127
ENST00000682740	24834127
ENST00000382432	24834127
ENST00000440066	24834127
ENST00000382296	24834127
ENST00000634662	24834127
ENST00000382867	17879892
ENST00000383070	2787603
ENST00000250784	2841625
ENST00000430575	2841944
ENST00000383052	2953937
ENST00000155093	2953937
ENST00000625061	2953937
ENST00000443793	2953937
ENST00000449237	2961091
ENST00000360160	12904937
ENST00000454054	12904937
ENST00000336079	12904937
ENST00000440554	12905780
ENST00000682216	13479665
ENST00000684226	13359787
ENST00000682761	13336129
ENST00000682112	13479665
ENST00000331397	13479665
ENST00000545955	13479665
ENST00000382896	13479665
ENST00000682913	13479665
ENST00000537580	13479665
ENST00000538878	13479665
ENST00000540140	13479665
ENST00000612274	13479665
ENST00000617789	13479665
ENST00000618474	13479665
ENST00000624098	13479665
ENST00000362096	13479665
ENST00000329134	13479665
ENST00000478900	13479540
ENST00000382893	13479665
ENST00000284856	13704336
ENST00000250825	13986440
ENST00000382365	24813185
ENST00000315357	24813185
ENST00000446723	24813185
ENST00000405239	23198800
ENST00000540248	23198800
ENST00000426000	23198800
ENST00000651267	6872608
ENST00000383036	6872608
ENST00000346432	7025085
ENST00000355162	7025085
ENST00000383032	7025085
ENST00000651523	7086381
ENST00000382449	23219741
ENST00000382440	23219741
ENST00000382433	23219741
ENST00000429039	6246269
ENST00000320701	6246269
ENST00000383042	6246269
ENST00000287721	9357843
ENST00000383005	9357843
ENST00000383000	9357843
ENST00000457222	9398467
ENST00000440483	9398467
ENST00000424594	9398467
ENST00000358944	21916054
ENST00000382659	21916054
ENST00000382658	21916054
ENST00000643089	14622120
ENST00000382872	14723149
ENST00000355905	14622120
ENST00000382868	14622120
ENST00000645399	14622120
ENST00000684976	14622120
ENST00000339174	14622120
ENST00000413217	14622181
ENST00000250823	14056290
ENST00000629237	20756164
ENST00000333703	5032697
ENST00000698927	5032697
ENST00000622698	5032697
ENST00000698851	5057100
ENST00000621505	5032697
ENST00000215473	5056824
ENST00000362095	5056824
ENST00000400457	5056824
ENST00000306882	24047688
ENST00000382407	24047688
ENST00000602770	24626085
ENST00000382392	24626085
ENST00000615850	24626085
ENST00000361963	25622443
ENST00000306609	25622443
ENST00000426950	9337510
ENST00000640033	9337510
ENST00000383008	9337510
ENST00000250831	22405448
ENST00000440215	9487313
ENST00000383020	21513351
ENST00000382639	21513351
ENST00000382707	21536892
ENST00000361046	21536892
