ENST00000303728	228
ENST00000477123	228
ENST00000651177	587
ENST00000338981	946
ENST00000453031	1
ENST00000303804	228
ENST00000472391	228
ENST00000361365	97
ENST00000382772	79
ENST00000602732	527
ENST00000331070	333
ENST00000382585	1
ENST00000428845	47
ENST00000444056	1
ENST00000451548	47
ENST00000423647	47
ENST00000382653	128
ENST00000382680	153
ENST00000418956	66
ENST00000344884	98
ENST00000382852	69
ENST00000304790	118
ENST00000317961	76
ENST00000541639	289
ENST00000382806	111
ENST00000440077	273
ENST00000415360	1
ENST00000447300	61
ENST00000307393	69
ENST00000309834	98
ENST00000338876	98
ENST00000382856	69
ENST00000321217	83
ENST00000559055	131
ENST00000303766	94
ENST00000454978	153
ENST00000250838	329
ENST00000382287	333
ENST00000618574	1
ENST00000602680	527
ENST00000415508	285
ENST00000382314	211
ENST00000449750	211
ENST00000682740	209
ENST00000382432	194
ENST00000440066	188
ENST00000382296	1
ENST00000634662	1
ENST00000382867	329
ENST00000383070	80
ENST00000250784	24
ENST00000430575	25
ENST00000383052	195
ENST00000155093	418
ENST00000625061	87
ENST00000443793	294
ENST00000449237	137
ENST00000360160	310
ENST00000454054	377
ENST00000336079	70
ENST00000440554	43
ENST00000682216	305
ENST00000684226	1
ENST00000682761	1
ENST00000682112	338
ENST00000331397	1009
ENST00000545955	369
ENST00000382896	327
ENST00000682913	1
ENST00000537580	1
ENST00000538878	1
ENST00000540140	1
ENST00000612274	1
ENST00000617789	1
ENST00000618474	1
ENST00000624098	1
ENST00000362096	1006
ENST00000329134	1006
ENST00000478900	1
ENST00000382893	314
ENST00000284856	438
ENST00000250825	34
ENST00000382365	209
ENST00000315357	285
ENST00000446723	308
ENST00000405239	209
ENST00000540248	211
ENST00000426000	209
ENST00000651267	193
ENST00000383036	1
ENST00000346432	553
ENST00000355162	617
ENST00000383032	637
ENST00000651523	1
ENST00000382449	295
ENST00000382440	209
ENST00000382433	194
ENST00000429039	47
ENST00000320701	47
ENST00000383042	1
ENST00000287721	47
ENST00000383005	1
ENST00000383000	1
ENST00000457222	47
ENST00000440483	1
ENST00000424594	1
ENST00000358944	128
ENST00000382659	118
ENST00000382658	118
ENST00000643089	481
ENST00000382872	283
ENST00000355905	253
ENST00000382868	253
ENST00000645399	430
ENST00000684976	292
ENST00000339174	475
ENST00000413217	1
ENST00000250823	64
ENST00000629237	57
ENST00000333703	514
ENST00000698927	745
ENST00000622698	613
ENST00000698851	522
ENST00000621505	305
ENST00000215473	737
ENST00000362095	735
ENST00000400457	735
ENST00000306882	282
ENST00000382407	332
ENST00000602770	527
ENST00000382392	333
ENST00000615850	1
ENST00000361963	282
ENST00000306609	327
ENST00000426950	47
ENST00000640033	1
ENST00000383008	1
ENST00000250831	178
ENST00000440215	47
ENST00000383020	153
ENST00000382639	128
ENST00000382707	153
ENST00000361046	128
