ENST00000303728	22501565	228	exon
ENST00000477123	22501565	228	exon
ENST00000651177	12709448	587	exon
ENST00000338981	12709448	946	exon
ENST00000453031	12847045	1	exon
ENST00000303804	22084839	228	exon
ENST00000472391	22084839	228	exon
ENST00000361365	20575872	97	exon
ENST00000382772	20575872	79	exon
ENST00000602732	22992344	527	exon
ENST00000331070	22992344	333	exon
ENST00000382585	22992344	1	exon
ENST00000428845	9527926	47	exon
ENST00000444056	9527926	1	exon
ENST00000451548	9467001	47	exon
ENST00000423647	9467001	47	exon
ENST00000382653	21892513	128	exon
ENST00000382680	21892513	153	exon
ENST00000418956	21892513	66	exon
ENST00000344884	18773618	98	exon
ENST00000382852	18773618	69	exon
ENST00000304790	18773618	118	exon
ENST00000317961	19744534	76	exon
ENST00000541639	19744534	289	exon
ENST00000382806	19744534	111	exon
ENST00000440077	19744534	273	exon
ENST00000415360	19708949	1	exon
ENST00000447300	19744534	61	exon
ENST00000307393	18546788	69	exon
ENST00000309834	18546788	98	exon
ENST00000338876	18546788	98	exon
ENST00000382856	18546788	69	exon
ENST00000321217	3579245	83	exon
ENST00000559055	3579245	131	exon
ENST00000303766	22180969	94	exon
ENST00000454978	22180969	153	exon
ENST00000250838	18026115	329	exon
ENST00000382287	25044023	333	exon
ENST00000618574	25044023	1	exon
ENST00000602680	25044023	527	exon
ENST00000415508	24834127	285	exon
ENST00000382314	24834127	211	exon
ENST00000449750	24834127	211	exon
ENST00000682740	24834127	209	exon
ENST00000382432	24834127	194	exon
ENST00000440066	24834127	188	exon
ENST00000382296	24834127	1	exon
ENST00000634662	24834127	1	exon
ENST00000382867	17879892	329	exon
ENST00000383070	2787603	80	exon
ENST00000250784	2841625	24	exon
ENST00000430575	2841944	25	exon
ENST00000383052	2953937	195	exon
ENST00000155093	2953937	418	exon
ENST00000625061	2953937	87	exon
ENST00000443793	2953937	294	exon
ENST00000449237	2961091	137	exon
ENST00000360160	12904937	310	exon
ENST00000454054	12904937	377	exon
ENST00000336079	12904937	70	exon
ENST00000440554	12905780	43	exon
ENST00000682216	13479665	305	exon
ENST00000684226	13359787	1	exon
ENST00000682761	13336129	1	exon
ENST00000682112	13479665	338	exon
ENST00000331397	13479665	1009	exon
ENST00000545955	13479665	369	exon
ENST00000382896	13479665	327	exon
ENST00000682913	13479665	1	exon
ENST00000537580	13479665	1	exon
ENST00000538878	13479665	1	exon
ENST00000540140	13479665	1	exon
ENST00000612274	13479665	1	exon
ENST00000617789	13479665	1	exon
ENST00000618474	13479665	1	exon
ENST00000624098	13479665	1	exon
ENST00000362096	13479665	1006	exon
ENST00000329134	13479665	1006	exon
ENST00000478900	13479540	1	exon
ENST00000382893	13479665	314	exon
ENST00000284856	13704336	438	exon
ENST00000250825	13986440	34	exon
ENST00000382365	24813185	209	exon
ENST00000315357	24813185	285	exon
ENST00000446723	24813185	308	exon
ENST00000405239	23198800	209	exon
ENST00000540248	23198800	211	exon
ENST00000426000	23198800	209	exon
ENST00000651267	6872608	193	exon
ENST00000383036	6872608	1	exon
ENST00000346432	7025085	553	exon
ENST00000355162	7025085	617	exon
ENST00000383032	7025085	637	exon
ENST00000651523	7086381	1	exon
ENST00000382449	23219741	295	exon
ENST00000382440	23219741	209	exon
ENST00000382433	23219741	194	exon
ENST00000429039	6246269	47	exon
ENST00000320701	6246269	47	exon
ENST00000383042	6246269	1	exon
ENST00000287721	9357843	47	exon
ENST00000383005	9357843	1	exon
ENST00000383000	9357843	1	exon
ENST00000457222	9398467	47	exon
ENST00000440483	9398467	1	exon
ENST00000424594	9398467	1	exon
ENST00000358944	21916054	128	exon
ENST00000382659	21916054	118	exon
ENST00000382658	21916054	118	exon
ENST00000643089	14622120	481	exon
ENST00000382872	14723149	283	exon
ENST00000355905	14622120	253	exon
ENST00000382868	14622120	253	exon
ENST00000645399	14622120	430	exon
ENST00000684976	14622120	292	exon
ENST00000339174	14622120	475	exon
ENST00000413217	14622181	1	exon
ENST00000250823	14056290	64	exon
ENST00000629237	20756164	57	exon
ENST00000333703	5032697	514	exon
ENST00000698927	5032697	745	exon
ENST00000622698	5032697	613	exon
ENST00000698851	5057100	522	exon
ENST00000621505	5032697	305	exon
ENST00000215473	5056824	737	exon
ENST00000362095	5056824	735	exon
ENST00000400457	5056824	735	exon
ENST00000306882	24047688	282	exon
ENST00000382407	24047688	332	exon
ENST00000602770	24626085	527	exon
ENST00000382392	24626085	333	exon
ENST00000615850	24626085	1	exon
ENST00000361963	25622443	282	exon
ENST00000306609	25622443	327	exon
ENST00000426950	9337510	47	exon
ENST00000640033	9337510	1	exon
ENST00000383008	9337510	1	exon
ENST00000250831	22405448	178	exon
ENST00000440215	9487313	47	exon
ENST00000383020	21513351	153	exon
ENST00000382639	21513351	128	exon
ENST00000382707	21536892	153	exon
ENST00000361046	21536892	128	exon
